[{"__type__":"cc.Prefab","_name":"UI_OnePerson_Over","data":{"__id__":1}},{"__type__":"cc.Node","_name":"UI_OnePerson_Over","_children":[{"__id__":2},{"__id__":3},{"__id__":4}],"_prefab":{"__type__":"cc.PrefabInfo","root":{"__id__":1},"asset":{"__id__":0},"fileId":"0ee552Qp2pHBb4TOHLn0yRf"}},{"__type__":"cc.Node","_name":"UI_Winner_Tip","_parent":{"__id__":1},"_anchorPoint":{"__type__":"cc.Vec2","y":0.5},"_contentSize":{"__type__":"cc.Size","width":80,"height":40},"_position":{"__type__":"cc.Vec2","x":72},"_components":[{"__type__":"cc.Label","node":{"__id__":2},"_useOriginalSize":false,"_N$string":"胜利","_N$horizontalAlign":1,"_N$verticalAlign":1}],"_prefab":{"__type__":"cc.PrefabInfo","root":{"__id__":1},"asset":{"__id__":0},"fileId":"a39afWyHDFNXos3R2gO+J7i"}},{"__type__":"cc.Node","_name":"UI_TTF_Name","_parent":{"__id__":1},"_contentSize":{"__type__":"cc.Size","width":97.87,"height":40},"_position":{"__type__":"cc.Vec2","x":-209},"_components":[{"__type__":"cc.Label","node":{"__id__":3},"_useOriginalSize":false,"_N$horizontalAlign":1,"_N$verticalAlign":1}],"_prefab":{"__type__":"cc.PrefabInfo","root":{"__id__":1},"asset":{"__id__":0},"fileId":"dc7b1tnenJITYQYEiAjL6C0"}},{"__type__":"cc.Node","_name":"UI_TTF_Point","_parent":{"__id__":1},"_contentSize":{"__type__":"cc.Size","width":97.87,"height":40},"_position":{"__type__":"cc.Vec2","x":-42},"_components":[{"__type__":"cc.Label","node":{"__id__":4},"_useOriginalSize":false,"_N$horizontalAlign":1,"_N$verticalAlign":1}],"_prefab":{"__type__":"cc.PrefabInfo","root":{"__id__":1},"asset":{"__id__":0},"fileId":"d05ccLqEgFLJKts4XA9bTJy"}}]