[{"__type__":"cc.SpriteFrame","content":{"name":"default_btn_normal","texture":"e851e89b-faa2-4484-bea6-5c01dd9f06e2","rect":[0,0,40,40],"offset":[0,0],"originalSize":[40,40],"capInsets":[3,3,3,7]}},{"__type__":"cc.SpriteFrame","content":{"name":"default_progressbar","texture":"cfef78f1-c8df-49b7-8ed0-4c953ace2621","rect":[0,0,30,15],"offset":[0,0],"originalSize":[30,15],"capInsets":[5,0,5,0]}},{"__type__":"cc.SpriteFrame","content":{"name":"default_panel","texture":"d81ec8ad-247c-4e62-aa3c-d35c4193c7af","rect":[0,0,20,20],"offset":[0,0],"originalSize":[20,20],"capInsets":[4,3,4,3]}}]