[{"__type__":"cc.SceneAsset","_name":"zjh","scene":{"__id__":1},"asyncLoadAssets":false},{"__type__":"cc.Scene","_anchorPoint":{"__type__":"cc.Vec2"},"_children":[{"__id__":2}],"autoReleaseAssets":false},{"__type__":"cc.Node","_name":"Canvas","_parent":{"__id__":1},"_contentSize":{"__type__":"cc.Size","width":1280,"height":720},"_position":{"__type__":"cc.Vec2","x":640,"y":360},"_id":"e36d2K4wxtAdooJGDVC4Sru","_components":[{"__type__":"cc.Canvas","node":{"__id__":2},"_designResolution":{"__type__":"cc.Size","width":1280,"height":720}}]}]