[{"__type__":"cc.SpriteFrame","content":{"name":"front","texture":"8c808420-ebd2-483a-9d80-9134b9cefada","rect":[0,0,100,140],"offset":[0,0],"originalSize":[100,140]}},[{"__type__":"cc.Prefab","_name":"card","data":{"__id__":1}},{"__type__":"cc.Node","_name":"card","_contentSize":{"__type__":"cc.Size","width":100,"height":140},"_children":[{"__id__":2},{"__id__":9}],"_prefab":{"__type__":"cc.PrefabInfo","root":{"__id__":1},"asset":{"__id__":0},"fileId":"e2030vMiKRPTZzuHCuBjGfF"}},{"__type__":"cc.Node","_name":"UI_Sprite_Front","_parent":{"__id__":1},"_contentSize":{"__type__":"cc.Size","width":100,"height":140},"_children":[{"__id__":3},{"__id__":4}],"_components":[{"__type__":"cc.Sprite","node":{"__id__":2},"_spriteFrame":{"__uuid__":"dbeab26d-c33d-49d9-b513-59d6e723132f"}}],"_prefab":{"__type__":"cc.PrefabInfo","root":{"__id__":1},"asset":{"__id__":0},"fileId":"ea198ucIXtCLpI4xxSyza6V"}},{"__type__":"cc.Node","_name":"UI_TTF_Value","_color":{"__type__":"cc.Color","r":255},"_parent":{"__id__":2},"_contentSize":{"__type__":"cc.Size","width":44.49,"height":40},"_position":{"__type__":"cc.Vec2","x":-26.5,"y":48},"_components":[{"__type__":"cc.Label","node":{"__id__":3},"_useOriginalSize":false,"_N$string":"13","_N$horizontalAlign":1,"_N$verticalAlign":1}],"_prefab":{"__type__":"cc.PrefabInfo","root":{"__id__":1},"asset":{"__id__":0},"fileId":"aee682B/55IWJFz7XjJ/gG6"}},{"__type__":"cc.Node","_name":"UI_Color","_parent":{"__id__":2},"_children":[{"__id__":5},{"__id__":6},{"__id__":7},{"__id__":8}],"_position":{"__type__":"cc.Vec2","x":-36.3,"y":17.1},"_prefab":{"__type__":"cc.PrefabInfo","root":{"__id__":1},"asset":{"__id__":0},"fileId":"2df21Iiv7JL7IUN12utLpHF"}},{"__type__":"cc.Node","_name":"UI_TTF_Color_0","_color":{"__type__":"cc.Color"},"_parent":{"__id__":4},"_contentSize":{"__type__":"cc.Size","width":20,"height":20},"_components":[{"__type__":"cc.Label","node":{"__id__":5},"_useOriginalSize":false,"_actualFontSize":20,"_fontSize":20,"_lineHeight":20,"_N$string":"红","_N$horizontalAlign":1,"_N$verticalAlign":1}],"_prefab":{"__type__":"cc.PrefabInfo","root":{"__id__":1},"asset":{"__id__":0},"fileId":"73aa3J2tqRCo5CnP+41CSqR"}},{"__type__":"cc.Node","_name":"UI_TTF_Color_1","_color":{"__type__":"cc.Color"},"_parent":{"__id__":4},"_contentSize":{"__type__":"cc.Size","width":20,"height":20},"_components":[{"__type__":"cc.Label","node":{"__id__":6},"_useOriginalSize":false,"_actualFontSize":20,"_fontSize":20,"_lineHeight":20,"_N$string":"黑","_N$horizontalAlign":1,"_N$verticalAlign":1}],"_prefab":{"__type__":"cc.PrefabInfo","root":{"__id__":1},"asset":{"__id__":0},"fileId":"f7661P8fVhJvpKRkCc1Ig5U"}},{"__type__":"cc.Node","_name":"UI_TTF_Color_2","_color":{"__type__":"cc.Color"},"_parent":{"__id__":4},"_contentSize":{"__type__":"cc.Size","width":20,"height":20},"_components":[{"__type__":"cc.Label","node":{"__id__":7},"_useOriginalSize":false,"_actualFontSize":20,"_fontSize":20,"_lineHeight":20,"_N$string":"梅","_N$horizontalAlign":1,"_N$verticalAlign":1}],"_prefab":{"__type__":"cc.PrefabInfo","root":{"__id__":1},"asset":{"__id__":0},"fileId":"73754mJXyFDWpy3U6kNbWC+"}},{"__type__":"cc.Node","_name":"UI_TTF_Color_3","_color":{"__type__":"cc.Color"},"_parent":{"__id__":4},"_contentSize":{"__type__":"cc.Size","width":20,"height":20},"_components":[{"__type__":"cc.Label","node":{"__id__":8},"_useOriginalSize":false,"_actualFontSize":20,"_fontSize":20,"_lineHeight":20,"_N$string":"方","_N$horizontalAlign":1,"_N$verticalAlign":1}],"_prefab":{"__type__":"cc.PrefabInfo","root":{"__id__":1},"asset":{"__id__":0},"fileId":"ebec49I8dFBo7NF8I+R3CPo"}},{"__type__":"cc.Node","_name":"UI_Sprite_Back","_parent":{"__id__":1},"_contentSize":{"__type__":"cc.Size","width":100,"height":140},"_active":false,"_components":[{"__type__":"cc.Sprite","node":{"__id__":9},"_spriteFrame":{"__uuid__":"7ffcad45-755e-4d4b-965b-6da32a4c7616"},"_sizeMode":0}],"_prefab":{"__type__":"cc.PrefabInfo","root":{"__id__":1},"asset":{"__id__":0},"fileId":"c856cZTQa9J3LeqQ2ViaIOU"}}],{"__type__":"cc.SpriteFrame","content":{"name":"back","texture":"eb645167-70ed-4786-b72a-417c17a09788","rect":[0,0,97,137],"offset":[0,0],"originalSize":[97,137]}}]