[{"id":1,"content":"排行榜每天4点刷新，想要上榜可得抓紧时间哦","type":1},{"id":2,"content":"收到礼物获得对应的积分奖励，可以兑换现金哦","type":1},{"id":3,"content":"喜欢的衣服多了不用愁，开启额外装扮栏吧","type":1},{"id":4,"content":"私密空间怕打扰怎么办，设置房间密码吧","type":1},{"id":5,"content":"收藏衣服时别忘了穿上上衣哦，赤膊可不好","type":1},{"id":6,"content":"推荐好礼多多，别吝啬分享你的ID吧","type":1},{"id":7,"content":"包间密码可以用中文哟，一般人我不告诉他","type":1},{"id":8,"content":"不要忘了每日任务，奖励多多","type":1},{"id":9,"content":"聊得开心，加个好友吧","type":1},{"id":10,"content":"注册性别选好可不能随便改","type":1},{"id":11,"content":"送礼物不仅能表达您的爱意，还会提升自己的财富值哦","type":1},{"id":12,"content":"收到礼物会增加自己的魅力值，证明自己的魅力吧","type":1},{"id":13,"content":"不同的礼物获得的魅力值都不同哦","type":1},{"id":14,"content":"衣服续费是有折扣的哦~~~","type":1},{"id":15,"content":"包间解散后，房主会移交别人","type":1},{"id":16,"content":"高级VIP不会被踢出包间","type":1},{"id":1000,"content":"VIP可以获得额外的世界聊天免费次数","type":2},{"id":1001,"content":"建筑失火时不要忘了维修哦","type":2},{"id":1002,"content":"关注你的仇人列表，君子报仇十年不晚","type":2},{"id":1003,"content":"矿山会显示当前占领者的名字，该出手时就出手吧","type":2},{"id":1004,"content":"实力悬殊时候，不妨考虑下投降","type":2},{"id":1005,"content":"对待矿山中偷懒的玩家，踢出也是个不错的选择哦","type":2},{"id":1006,"content":"不喜欢周围的景色吗？搬家换个心情吧","type":2},{"id":1007,"content":"时刻关注新邮件，说不定你的好友正在请求帮助呢","type":2},{"id":1008,"content":"婚房周围的花圃是永久的哟，直到离婚","type":2},{"id":1009,"content":"大矿挖的多，小矿挖的少，可别看错了哦","type":2},{"id":1010,"content":"修房子需要点耐心或者钱","type":2},{"id":1011,"content":"黑市会出现折扣商品哦，不妨关注一下","type":2},{"id":1012,"content":"公会宝箱开启特殊时段会有世界通告，千万别错过","type":2},{"id":1013,"content":"矿山失守受伤的可不只有兵，还有矿车","type":2},{"id":1014,"content":"家具到期别忘了续费呀","type":2},{"id":1015,"content":"投石车摧毁建筑会产生溅射伤害哟，灵活运用吧","type":2},{"id":1016,"content":"公会战开始了可不能随意踢人","type":2},{"id":1017,"content":"多多杀敌吧，排名前列会有额外奖励","type":2},{"id":1018,"content":"放不下家具时不妨考虑挪个空位","type":2},{"id":1019,"content":"大炮可是会优先打飞机的","type":2},{"id":1020,"content":"好聚好散，协议离婚","type":2},{"id":1021,"content":"同性也有真爱，不信结个婚看看","type":2},{"id":1022,"content":"无聊时观战也是个好去处","type":2},{"id":1023,"content":"捐出去的兵可收不回哦","type":2},{"id":1024,"content":"建筑不同，坚固程度当然不一样","type":2},{"id":1025,"content":"击溃守军别急着走，尽情破坏建筑吧","type":2},{"id":1026,"content":"围墙和护城河会提升主宅的血量","type":2},{"id":9998,"content":"16","type":-1},{"id":9999,"content":"27","type":-2}]