[[{"__type__":"cc.Prefab","_name":"hall","data":{"__id__":1}},{"__type__":"cc.Node","_name":"hall","_children":[{"__id__":2},{"__id__":5},{"__id__":6},{"__id__":14},{"__id__":18},{"__id__":21},{"__id__":24}],"_prefab":{"__type__":"cc.PrefabInfo","root":{"__id__":1},"asset":{"__id__":0},"fileId":"2e2e2GRAiBF34PfHQJ8SF30"}},{"__type__":"cc.Node","_name":"bg","_parent":{"__id__":1},"_contentSize":{"__type__":"cc.Size","width":1280,"height":720},"_children":[{"__id__":3},{"__id__":4}],"_position":{"__type__":"cc.Vec2","x":640,"y":360},"_components":[{"__type__":"cc.Sprite","node":{"__id__":2},"_spriteFrame":{"__uuid__":"7ad6f04e-375e-45e0-8737-859fb132a724"}}],"_prefab":{"__type__":"cc.PrefabInfo","root":{"__id__":1},"asset":{"__id__":0},"fileId":"db5e2i7kqZEVKfGK3/7iUv6"}},{"__type__":"cc.Node","_name":"xiongmao3","_parent":{"__id__":2},"_contentSize":{"__type__":"cc.Size","width":226,"height":380},"_position":{"__type__":"cc.Vec2","x":-464,"y":19},"_components":[{"__type__":"cc.Sprite","node":{"__id__":3},"_spriteFrame":{"__uuid__":"59a29709-d128-467b-bcb7-96cd1994e865"}}],"_prefab":{"__type__":"cc.PrefabInfo","root":{"__id__":1},"asset":{"__id__":0},"fileId":"fb524kn4gBMEZ4a0nnsqcoz"}},{"__type__":"cc.Node","_name":"xixia001","_parent":{"__id__":2},"_contentSize":{"__type__":"cc.Size","width":1280,"height":62},"_position":{"__type__":"cc.Vec2","y":-328},"_components":[{"__type__":"cc.Sprite","node":{"__id__":4},"_spriteFrame":{"__uuid__":"4b2dcc83-12c0-42e5-b03b-2e7f27ddd5ee"}}],"_prefab":{"__type__":"cc.PrefabInfo","root":{"__id__":1},"asset":{"__id__":0},"fileId":"207a5ZKJTNLB7b3UmBI82Io"}},{"__type__":"cc.Node","_name":"UI_Sprite_Ttile","_parent":{"__id__":1},"_contentSize":{"__type__":"cc.Size","width":198,"height":54},"_position":{"__type__":"cc.Vec2","x":640,"y":681},"_components":[{"__type__":"cc.Sprite","node":{"__id__":5},"_spriteFrame":{"__uuid__":"937470ba-2f2d-4f0e-9914-c81d19b4b86b"}}],"_prefab":{"__type__":"cc.PrefabInfo","root":{"__id__":1},"asset":{"__id__":0},"fileId":"e21f1ZkeHhPwbU8ZoFIOwKk"}},{"__type__":"cc.Node","_name":"UI_Node_Head","_parent":{"__id__":1},"_children":[{"__id__":7},{"__id__":8},{"__id__":9},{"__id__":10}],"_position":{"__type__":"cc.Vec2","x":55.6,"y":661},"_prefab":{"__type__":"cc.PrefabInfo","root":{"__id__":1},"asset":{"__id__":0},"fileId":"e4977ubK1FBeaMmFut22LSo"}},{"__type__":"cc.Node","_name":"UI_Image_Head","_parent":{"__id__":6},"_contentSize":{"__type__":"cc.Size","width":113,"height":113},"_components":[{"__type__":"cc.Sprite","node":{"__id__":7},"_spriteFrame":{"__uuid__":"c73f5a03-c58e-4ac3-80bd-50c8423ea2c3"},"_sizeMode":0}],"_prefab":{"__type__":"cc.PrefabInfo","root":{"__id__":1},"asset":{"__id__":0},"fileId":"442c5m37jJEuqoL8YKThRGP"}},{"__type__":"cc.Node","_name":"UI_Lebel_Name","_color":{"__type__":"cc.Color","r":12,"g":247,"b":40},"_parent":{"__id__":6},"_anchorPoint":{"__type__":"cc.Vec2","y":0.5},"_contentSize":{"__type__":"cc.Size","width":212,"height":30},"_position":{"__type__":"cc.Vec2","x":60,"y":38},"_components":[{"__type__":"cc.Label","node":{"__id__":8},"_useOriginalSize":false,"_actualFontSize":30,"_fontSize":30,"_lineHeight":30,"_N$string":"原来是一号原来","_N$verticalAlign":1},{"__type__":"cc.LabelOutline","node":{"__id__":8},"_color":{"__type__":"cc.Color"}}],"_prefab":{"__type__":"cc.PrefabInfo","root":{"__id__":1},"asset":{"__id__":0},"fileId":"56033+fb79EX57/+7Nf51j6"}},{"__type__":"cc.Node","_name":"UI_Lebel_ID","_parent":{"__id__":6},"_anchorPoint":{"__type__":"cc.Vec2","y":0.5},"_contentSize":{"__type__":"cc.Size","width":57.01,"height":25},"_position":{"__type__":"cc.Vec2","x":60,"y":15},"_components":[{"__type__":"cc.Label","node":{"__id__":9},"_useOriginalSize":false,"_actualFontSize":25,"_fontSize":25,"_lineHeight":25,"_N$string":"id:{0}","_N$verticalAlign":1}],"_prefab":{"__type__":"cc.PrefabInfo","root":{"__id__":1},"asset":{"__id__":0},"fileId":"771fbJNlGlOYI1IcGwapEhw"}},{"__type__":"cc.Node","_name":"UI_FK","_parent":{"__id__":6},"_contentSize":{"__type__":"cc.Size","width":174,"height":42},"_children":[{"__id__":11},{"__id__":12},{"__id__":13}],"_position":{"__type__":"cc.Vec2","x":142,"y":-16},"_components":[{"__type__":"cc.Sprite","node":{"__id__":10},"_spriteFrame":{"__uuid__":"ac11ae56-9707-4b62-8e66-6dbf142b03d8"},"_sizeMode":0}],"_prefab":{"__type__":"cc.PrefabInfo","root":{"__id__":1},"asset":{"__id__":0},"fileId":"f293fX31+FIlKNg4T0D7ZjT"}},{"__type__":"cc.Node","_name":"card","_parent":{"__id__":10},"_contentSize":{"__type__":"cc.Size","width":60,"height":32},"_position":{"__type__":"cc.Vec2","x":-53},"_components":[{"__type__":"cc.Sprite","node":{"__id__":11},"_spriteFrame":{"__uuid__":"4558943b-9043-46aa-9682-d18324c83c0a"}}],"_prefab":{"__type__":"cc.PrefabInfo","root":{"__id__":1},"asset":{"__id__":0},"fileId":"67e709tkbpO16aId5Cb9x8Y"}},{"__type__":"cc.Node","_name":"UI_Button_ADD","_parent":{"__id__":10},"_contentSize":{"__type__":"cc.Size","width":31,"height":32},"_position":{"__type__":"cc.Vec2","x":81},"_components":[{"__type__":"cc.Sprite","node":{"__id__":12},"_spriteFrame":{"__uuid__":"f192888e-13a0-4a78-b917-30df0b7d4ada"},"_type":1,"_sizeMode":0},{"__type__":"cc.Button","node":{"__id__":12},"transition":1,"pressedColor":{"__type__":"cc.Color","r":200,"g":200,"b":200},"hoverColor":{"__type__":"cc.Color","r":211,"g":211,"b":211},"pressedSprite":{"__uuid__":"e9ec654c-97a2-4787-9325-e6a10375219a"},"hoverSprite":{"__uuid__":"e9ec654c-97a2-4787-9325-e6a10375219a"},"_N$normalColor":{"__type__":"cc.Color","r":255,"g":255,"b":255},"_N$normalSprite":{"__uuid__":"f0048c10-f03e-4c97-b9d3-3506e1d58952"},"_N$disabledSprite":{"__uuid__":"29158224-f8dd-4661-a796-1ffab537140e"},"_N$target":{"__id__":12}}],"_prefab":{"__type__":"cc.PrefabInfo","root":{"__id__":1},"asset":{"__id__":0},"fileId":"4141dfFI7RCKYqao8ho0lZt"}},{"__type__":"cc.Node","_name":"UI_TTF_FK","_parent":{"__id__":10},"_anchorPoint":{"__type__":"cc.Vec2","y":0.5},"_contentSize":{"__type__":"cc.Size","width":83.42,"height":25},"_position":{"__type__":"cc.Vec2","x":-20},"_components":[{"__type__":"cc.Label","node":{"__id__":13},"_useOriginalSize":false,"_actualFontSize":25,"_fontSize":25,"_lineHeight":25,"_N$string":"999999","_N$verticalAlign":1}],"_prefab":{"__type__":"cc.PrefabInfo","root":{"__id__":1},"asset":{"__id__":0},"fileId":"663a51yKVpJz7VLFFGOcfJK"}},{"__type__":"cc.Node","_name":"UI_Down_Btn","_parent":{"__id__":1},"_children":[{"__id__":15},{"__id__":16},{"__id__":17}],"_position":{"__type__":"cc.Vec2","x":640,"y":90},"_prefab":{"__type__":"cc.PrefabInfo","root":{"__id__":1},"asset":{"__id__":0},"fileId":"7713aYx++lNppeDw32ftD+6"}},{"__type__":"cc.Node","_name":"UI_Button_ZHJ","_parent":{"__id__":14},"_contentSize":{"__type__":"cc.Size","width":173,"height":139},"_position":{"__type__":"cc.Vec2","x":-265},"_components":[{"__type__":"cc.Sprite","node":{"__id__":15},"_spriteFrame":{"__uuid__":"e52b2a46-0cd5-4c33-8377-83f87ad898cf"},"_type":1},{"__type__":"cc.Button","node":{"__id__":15},"transition":1,"pressedColor":{"__type__":"cc.Color","r":200,"g":200,"b":200},"hoverColor":{"__type__":"cc.Color","r":211,"g":211,"b":211},"pressedSprite":{"__uuid__":"e9ec654c-97a2-4787-9325-e6a10375219a"},"hoverSprite":{"__uuid__":"e9ec654c-97a2-4787-9325-e6a10375219a"},"_N$normalColor":{"__type__":"cc.Color","r":255,"g":255,"b":255},"_N$normalSprite":{"__uuid__":"f0048c10-f03e-4c97-b9d3-3506e1d58952"},"_N$disabledSprite":{"__uuid__":"29158224-f8dd-4661-a796-1ffab537140e"},"_N$target":{"__id__":15}}],"_prefab":{"__type__":"cc.PrefabInfo","root":{"__id__":1},"asset":{"__id__":0},"fileId":"b2f0eQ59hVEAL53giV9hZV9"}},{"__type__":"cc.Node","_name":"UI_Button_Share","_parent":{"__id__":14},"_contentSize":{"__type__":"cc.Size","width":117,"height":133},"_components":[{"__type__":"cc.Sprite","node":{"__id__":16},"_spriteFrame":{"__uuid__":"df4e8942-f8fc-4467-8de1-f0ac53dc84e0"},"_type":1},{"__type__":"cc.Button","node":{"__id__":16},"transition":1,"pressedColor":{"__type__":"cc.Color","r":200,"g":200,"b":200},"hoverColor":{"__type__":"cc.Color","r":211,"g":211,"b":211},"pressedSprite":{"__uuid__":"e9ec654c-97a2-4787-9325-e6a10375219a"},"hoverSprite":{"__uuid__":"e9ec654c-97a2-4787-9325-e6a10375219a"},"_N$normalColor":{"__type__":"cc.Color","r":255,"g":255,"b":255},"_N$normalSprite":{"__uuid__":"f0048c10-f03e-4c97-b9d3-3506e1d58952"},"_N$disabledSprite":{"__uuid__":"29158224-f8dd-4661-a796-1ffab537140e"},"_N$target":{"__id__":16}}],"_prefab":{"__type__":"cc.PrefabInfo","root":{"__id__":1},"asset":{"__id__":0},"fileId":"d38ffSKnBZP/7ZNl+kBvXoO"}},{"__type__":"cc.Node","_name":"UI_Button_FeedBack","_parent":{"__id__":14},"_contentSize":{"__type__":"cc.Size","width":145,"height":133},"_position":{"__type__":"cc.Vec2","x":265},"_components":[{"__type__":"cc.Sprite","node":{"__id__":17},"_spriteFrame":{"__uuid__":"6ccf7acc-a02a-4908-b550-58b579832831"},"_type":1},{"__type__":"cc.Button","node":{"__id__":17},"transition":1,"pressedColor":{"__type__":"cc.Color","r":200,"g":200,"b":200},"hoverColor":{"__type__":"cc.Color","r":211,"g":211,"b":211},"pressedSprite":{"__uuid__":"e9ec654c-97a2-4787-9325-e6a10375219a"},"hoverSprite":{"__uuid__":"e9ec654c-97a2-4787-9325-e6a10375219a"},"_N$normalColor":{"__type__":"cc.Color","r":255,"g":255,"b":255},"_N$normalSprite":{"__uuid__":"f0048c10-f03e-4c97-b9d3-3506e1d58952"},"_N$disabledSprite":{"__uuid__":"29158224-f8dd-4661-a796-1ffab537140e"},"_N$target":{"__id__":17}}],"_prefab":{"__type__":"cc.PrefabInfo","root":{"__id__":1},"asset":{"__id__":0},"fileId":"33e53i3TnNEoI7aKRWFDk3E"}},{"__type__":"cc.Node","_name":"UI_Create_Room","_parent":{"__id__":1},"_children":[{"__id__":19}],"_scaleX":0.8,"_scaleY":0.8,"_position":{"__type__":"cc.Vec2","x":574,"y":381},"_prefab":{"__type__":"cc.PrefabInfo","root":{"__id__":1},"asset":{"__id__":0},"fileId":"b9c05+3H1VLMIxqA8sA0sjP"}},{"__type__":"cc.Node","_name":"UI_Create_Btn","_parent":{"__id__":18},"_contentSize":{"__type__":"cc.Size","width":502,"height":439},"_children":[{"__id__":20}],"_components":[{"__type__":"cc.Sprite","node":{"__id__":19},"_spriteFrame":{"__uuid__":"42ada8d1-6f23-4030-a6f7-974c74796ab5"}},{"__type__":"cc.Button","node":{"__id__":19},"transition":3,"pressedColor":{"__type__":"cc.Color","r":255,"g":255,"b":255},"pressedSprite":{"__uuid__":"e9ec654c-97a2-4787-9325-e6a10375219a"},"hoverSprite":{"__uuid__":"e9ec654c-97a2-4787-9325-e6a10375219a"},"_N$normalColor":{"__type__":"cc.Color","r":255,"g":255,"b":255},"_N$disabledColor":{"__type__":"cc.Color","r":255,"g":255,"b":255},"_N$normalSprite":{"__uuid__":"42ada8d1-6f23-4030-a6f7-974c74796ab5"},"_N$disabledSprite":{"__uuid__":"29158224-f8dd-4661-a796-1ffab537140e"},"_N$target":{"__id__":19}}],"_prefab":{"__type__":"cc.PrefabInfo","root":{"__id__":1},"asset":{"__id__":0},"fileId":"93a2bmMmadLoJ3Bh6TA54Tc"}},{"__type__":"cc.Node","_name":"chuangjianfang","_parent":{"__id__":19},"_contentSize":{"__type__":"cc.Size","width":446,"height":115},"_position":{"__type__":"cc.Vec2","y":-173},"_components":[{"__type__":"cc.Sprite","node":{"__id__":20},"_spriteFrame":{"__uuid__":"1b7ffbf8-ccda-4107-a672-8c116891ca49"}}],"_prefab":{"__type__":"cc.PrefabInfo","root":{"__id__":1},"asset":{"__id__":0},"fileId":"b8971H856xB/bCXPlOvXIEU"}},{"__type__":"cc.Node","_name":"UI_Join_Room","_parent":{"__id__":1},"_children":[{"__id__":22}],"_scaleX":0.8,"_scaleY":0.8,"_position":{"__type__":"cc.Vec2","x":975,"y":381},"_prefab":{"__type__":"cc.PrefabInfo","root":{"__id__":1},"asset":{"__id__":0},"fileId":"87ab3sg4c9Er5rvgrUVviTE"}},{"__type__":"cc.Node","_name":"UI_Join_Btn","_parent":{"__id__":21},"_contentSize":{"__type__":"cc.Size","width":485,"height":398},"_children":[{"__id__":23}],"_components":[{"__type__":"cc.Sprite","node":{"__id__":22},"_spriteFrame":{"__uuid__":"fd6cff5e-5c80-4181-ad3e-62daee870354"}},{"__type__":"cc.Button","node":{"__id__":22},"transition":3,"pressedColor":{"__type__":"cc.Color","r":255,"g":255,"b":255},"pressedSprite":{"__uuid__":"e9ec654c-97a2-4787-9325-e6a10375219a"},"hoverSprite":{"__uuid__":"e9ec654c-97a2-4787-9325-e6a10375219a"},"_N$normalColor":{"__type__":"cc.Color","r":255,"g":255,"b":255},"_N$disabledColor":{"__type__":"cc.Color","r":255,"g":255,"b":255},"_N$normalSprite":{"__uuid__":"fd6cff5e-5c80-4181-ad3e-62daee870354"},"_N$disabledSprite":{"__uuid__":"29158224-f8dd-4661-a796-1ffab537140e"},"_N$target":{"__id__":22}}],"_prefab":{"__type__":"cc.PrefabInfo","root":{"__id__":1},"asset":{"__id__":0},"fileId":"53de1zfSCVNea7uI8ttHJDS"}},{"__type__":"cc.Node","_name":"jiaruyouxi","_parent":{"__id__":22},"_contentSize":{"__type__":"cc.Size","width":446,"height":115},"_position":{"__type__":"cc.Vec2","y":-175},"_components":[{"__type__":"cc.Sprite","node":{"__id__":23},"_spriteFrame":{"__uuid__":"922170be-da9d-4f0b-98f9-136991ef4a17"}}],"_prefab":{"__type__":"cc.PrefabInfo","root":{"__id__":1},"asset":{"__id__":0},"fileId":"92cbcsdf2BATbwO9jqZHGOt"}},{"__type__":"cc.Node","_name":"UI_Room_Search","_parent":{"__id__":1},"_children":[{"__id__":25}],"_position":{"__type__":"cc.Vec2","x":691,"y":416},"_prefab":{"__type__":"cc.PrefabInfo","root":{"__id__":1},"asset":{"__id__":0},"fileId":"843ec+Y8+RGc4MXCiHL9oGH"}},{"__type__":"cc.Node","_name":"UI_Bg","_color":{"__type__":"cc.Color","r":167,"g":167,"b":167},"_parent":{"__id__":24},"_contentSize":{"__type__":"cc.Size","width":400,"height":150},"_children":[{"__id__":26},{"__id__":27},{"__id__":29}],"_components":[{"__type__":"cc.Sprite","node":{"__id__":25},"_spriteFrame":{"__uuid__":"9bbda31e-ad49-43c9-aaf2-f7d9896bac69"},"_type":1,"_sizeMode":0},{"__type__":"cc.Layout","node":{"__id__":25},"_layoutSize":{"__type__":"cc.Size","width":400,"height":150}}],"_prefab":{"__type__":"cc.PrefabInfo","root":{"__id__":1},"asset":{"__id__":0},"fileId":"d9e6fjp5m1LKaPDonlmjarZ"}},{"__type__":"cc.Node","_name":"UI_Input","_parent":{"__id__":25},"_contentSize":{"__type__":"cc.Size","width":160,"height":40},"_position":{"__type__":"cc.Vec2","x":-81},"_components":[{"__type__":"cc.EditBox","node":{"__id__":26},"_useOriginalSize":false,"_N$backgroundImage":{"__uuid__":"67e68bc9-dad5-4ad9-a2d8-7e03d458e32f"},"_N$inputMode":6,"_N$fontSize":29,"_N$fontColor":{"__type__":"cc.Color"},"_N$placeholder":"房间iD","_N$maxLength":8}],"_prefab":{"__type__":"cc.PrefabInfo","root":{"__id__":1},"asset":{"__id__":0},"fileId":"588648NE+dKsL8OE9qceeDJ"}},{"__type__":"cc.Node","_name":"UI_Btn_Search","_parent":{"__id__":25},"_contentSize":{"__type__":"cc.Size","width":100,"height":40},"_children":[{"__id__":28}],"_position":{"__type__":"cc.Vec2","x":105},"_components":[{"__type__":"cc.Sprite","node":{"__id__":27},"_spriteFrame":{"__uuid__":"f0048c10-f03e-4c97-b9d3-3506e1d58952"},"_type":1,"_sizeMode":0},{"__type__":"cc.Button","node":{"__id__":27},"transition":2,"pressedColor":{"__type__":"cc.Color","r":255,"g":255,"b":255},"pressedSprite":{"__uuid__":"e9ec654c-97a2-4787-9325-e6a10375219a"},"hoverSprite":{"__uuid__":"e9ec654c-97a2-4787-9325-e6a10375219a"},"_N$normalColor":{"__type__":"cc.Color","r":255,"g":255,"b":255},"_N$disabledColor":{"__type__":"cc.Color","r":255,"g":255,"b":255},"_N$normalSprite":{"__uuid__":"f0048c10-f03e-4c97-b9d3-3506e1d58952"},"_N$disabledSprite":{"__uuid__":"29158224-f8dd-4661-a796-1ffab537140e"},"_N$target":{"__id__":27}}],"_prefab":{"__type__":"cc.PrefabInfo","root":{"__id__":1},"asset":{"__id__":0},"fileId":"4a359AMFwFMkaaarvDxEbEy"}},{"__type__":"cc.Node","_name":"Label","_color":{"__type__":"cc.Color"},"_parent":{"__id__":27},"_contentSize":{"__type__":"cc.Size","width":100,"height":40},"_components":[{"__type__":"cc.Label","node":{"__id__":28},"_useOriginalSize":false,"_actualFontSize":20,"_fontSize":20,"_enableWrapText":false,"_N$string":"搜索","_N$horizontalAlign":1,"_N$verticalAlign":1,"_N$overflow":1}],"_prefab":{"__type__":"cc.PrefabInfo","root":{"__id__":1},"asset":{"__id__":0},"fileId":"3671fUyGvtHYaD/C1O22M8M"}},{"__type__":"cc.Node","_name":"UI_Btn_Close","_parent":{"__id__":25},"_contentSize":{"__type__":"cc.Size","width":100,"height":40},"_children":[{"__id__":30}],"_position":{"__type__":"cc.Vec2","x":202,"y":62},"_components":[{"__type__":"cc.Sprite","node":{"__id__":29},"_spriteFrame":{"__uuid__":"f0048c10-f03e-4c97-b9d3-3506e1d58952"},"_type":1,"_sizeMode":0},{"__type__":"cc.Button","node":{"__id__":29},"transition":2,"pressedColor":{"__type__":"cc.Color","r":255,"g":255,"b":255},"pressedSprite":{"__uuid__":"e9ec654c-97a2-4787-9325-e6a10375219a"},"hoverSprite":{"__uuid__":"e9ec654c-97a2-4787-9325-e6a10375219a"},"_N$normalColor":{"__type__":"cc.Color","r":255,"g":255,"b":255},"_N$disabledColor":{"__type__":"cc.Color","r":255,"g":255,"b":255},"_N$normalSprite":{"__uuid__":"f0048c10-f03e-4c97-b9d3-3506e1d58952"},"_N$disabledSprite":{"__uuid__":"29158224-f8dd-4661-a796-1ffab537140e"},"_N$target":{"__id__":29}}],"_prefab":{"__type__":"cc.PrefabInfo","root":{"__id__":1},"asset":{"__id__":0},"fileId":"3c6f8gWegdIAYDvb7K7bero"}},{"__type__":"cc.Node","_name":"Label","_color":{"__type__":"cc.Color"},"_parent":{"__id__":29},"_contentSize":{"__type__":"cc.Size","width":100,"height":40},"_components":[{"__type__":"cc.Label","node":{"__id__":30},"_useOriginalSize":false,"_actualFontSize":20,"_fontSize":20,"_enableWrapText":false,"_N$string":"关闭","_N$horizontalAlign":1,"_N$verticalAlign":1,"_N$overflow":1}],"_prefab":{"__type__":"cc.PrefabInfo","root":{"__id__":1},"asset":{"__id__":0},"fileId":"61f9aFybqFI0otjg7ioxHHP"}}],{"__type__":"cc.SpriteFrame","content":{"name":"xixia001","texture":"a32d07ef-e3bc-43a1-a7a3-ba2b49e422bc","rect":[104,2,1280,62],"offset":[0,0],"originalSize":[1280,62],"rotated":1}},{"__type__":"cc.SpriteFrame","content":{"name":"xiongmao3","texture":"f01af6ba-6121-4c9f-baed-79c593aade9d","rect":[2,690,226,380],"offset":[0,0],"originalSize":[226,380],"rotated":1}},{"__type__":"cc.SpriteFrame","content":{"name":"hall_bg","texture":"c6000f8b-172a-42e6-a5c8-e2b016695bb0","rect":[0,0,1280,720],"offset":[0,0],"originalSize":[1280,720]}},{"__type__":"cc.SpriteFrame","content":{"name":"title","texture":"341f15b0-f641-4a82-892d-fb77846811ec","rect":[13,0,198,54],"offset":[1,0],"originalSize":[222,54]}},{"__type__":"cc.SpriteFrame","content":{"name":"card","texture":"a32d07ef-e3bc-43a1-a7a3-ba2b49e422bc","rect":[168,1245,60,32],"offset":[0,0],"originalSize":[60,32]}},{"__type__":"cc.SpriteFrame","content":{"name":"head_img_male","texture":"6e919518-b6e2-453b-aceb-88c5274a5ce6","rect":[538,117,102,102],"offset":[0,0],"originalSize":[102,102]}},{"__type__":"cc.SpriteFrame","content":{"name":"goumaixiaojiahao","texture":"a32d07ef-e3bc-43a1-a7a3-ba2b49e422bc","rect":[801,742,31,32],"offset":[0,0],"originalSize":[31,32]}},{"__type__":"cc.SpriteFrame","content":{"name":"fangkaxiaobeijing","texture":"a32d07ef-e3bc-43a1-a7a3-ba2b49e422bc","rect":[616,843,241,42],"offset":[0,0],"originalSize":[241,42],"rotated":1}},{"__type__":"cc.SpriteFrame","content":{"name":"share","texture":"a32d07ef-e3bc-43a1-a7a3-ba2b49e422bc","rect":[710,491,117,133],"offset":[0,0],"originalSize":[117,133]}},{"__type__":"cc.SpriteFrame","content":{"name":"zhanji","texture":"a32d07ef-e3bc-43a1-a7a3-ba2b49e422bc","rect":[660,742,173,139],"offset":[0,0],"originalSize":[173,139],"rotated":1}},{"__type__":"cc.SpriteFrame","content":{"name":"chuangjianfang","texture":"a32d07ef-e3bc-43a1-a7a3-ba2b49e422bc","rect":[168,1077,446,115],"offset":[0,0],"originalSize":[446,115]}},{"__type__":"cc.SpriteFrame","content":{"name":"chuangjianfangjianxiaochangjing","texture":"a32d07ef-e3bc-43a1-a7a3-ba2b49e422bc","rect":[168,2,502,439],"offset":[0,0],"originalSize":[502,439]}},{"__type__":"cc.SpriteFrame","content":{"name":"feedback","texture":"a32d07ef-e3bc-43a1-a7a3-ba2b49e422bc","rect":[660,1065,145,133],"offset":[0,0],"originalSize":[145,133]}},{"__type__":"cc.SpriteFrame","content":{"name":"jiaruyouxi","texture":"a32d07ef-e3bc-43a1-a7a3-ba2b49e422bc","rect":[168,843,446,115],"offset":[0,0],"originalSize":[446,115]}},{"__type__":"cc.SpriteFrame","content":{"name":"jiaruyouxixiaochangjing","texture":"a32d07ef-e3bc-43a1-a7a3-ba2b49e422bc","rect":[168,443,485,398],"offset":[0,0],"originalSize":[485,398]}}]