[[{"__type__":"cc.SceneAsset","_name":"launch","scene":{"__id__":1},"asyncLoadAssets":false},{"__type__":"cc.Scene","_anchorPoint":{"__type__":"cc.Vec2"},"_children":[{"__id__":2},{"__id__":3}],"autoReleaseAssets":false},{"__type__":"cc.Node","_name":"Canvas","_parent":{"__id__":1},"_contentSize":{"__type__":"cc.Size","width":1280,"height":720},"_position":{"__type__":"cc.Vec2","x":640,"y":360},"_id":"13966OVp2hDHZYHL6OP89x/","_components":[{"__type__":"cc.Canvas","node":{"__id__":2},"_designResolution":{"__type__":"cc.Size","width":1280,"height":720}}]},{"__type__":"cc.Node","_name":"GameController","_parent":{"__id__":1},"_children":[{"__id__":4}],"_id":"de84faNCEFJ+oKbfxPA3vgx","_components":[{"__type__":"dbdf2bYb/5EqJvnK5ls/Mkt","node":{"__id__":3},"Loader":{"__id__":12}}]},{"__type__":"cc.Node","_name":"UI_Widget_Loading","_parent":{"__id__":3},"_children":[{"__id__":5},{"__id__":6},{"__id__":10}],"_components":[{"__type__":"cc.Widget","node":{"__id__":4},"_alignFlags":45},{"__id__":12}]},{"__type__":"cc.Node","_name":"UI_BG","_parent":{"__id__":4},"_anchorPoint":{"__type__":"cc.Vec2"},"_contentSize":{"__type__":"cc.Size","width":1366,"height":768},"_components":[{"__type__":"cc.Sprite","node":{"__id__":5},"_spriteFrame":{"__uuid__":"8b296841-5084-428a-8ec9-feda52119bfb"}}]},{"__type__":"cc.Node","_name":"UI_ProgressBar","_parent":{"__id__":4},"_contentSize":{"__type__":"cc.Size","width":1200,"height":61},"_children":[{"__id__":7}],"_position":{"__type__":"cc.Vec2","x":683,"y":27},"_components":[{"__type__":"cc.Sprite","node":{"__id__":6},"_spriteFrame":{"__uuid__":"64793bef-0273-4760-8d2c-453e7206af84"},"_sizeMode":0},{"__id__":9}]},{"__type__":"cc.Node","_name":"bar","_parent":{"__id__":6},"_contentSize":{"__type__":"cc.Size","width":1190,"height":12},"_components":[{"__id__":8}]},{"__type__":"cc.Sprite","node":{"__id__":7},"_spriteFrame":{"__uuid__":"4aeecab5-869f-4ef7-bf9a-c91b284eea93"},"_type":1,"_sizeMode":0},{"__type__":"cc.ProgressBar","node":{"__id__":6},"_N$barSprite":{"__id__":8},"_N$totalLength":1190},{"__type__":"cc.Node","_name":"UI_Label_Tip","_parent":{"__id__":4},"_contentSize":{"__type__":"cc.Size","width":54.52,"height":40},"_position":{"__type__":"cc.Vec2","x":683,"y":27},"_components":[{"__id__":11}]},{"__type__":"cc.Label","node":{"__id__":10},"_useOriginalSize":false,"_actualFontSize":20,"_fontSize":20,"_N$string":"{0}/{1}","_N$horizontalAlign":1,"_N$verticalAlign":1},{"__type__":"fa9e6zUIa1JS51PmRHFYhci","node":{"__id__":4},"PercentLabel":{"__id__":11},"PercentBar":{"__id__":9}}],{"__type__":"cc.SpriteFrame","content":{"name":"loading_bar","texture":"717ddd4d-b1d8-46d2-a24a-6023189af7f0","rect":[0,0,570,12],"offset":[0,0],"originalSize":[570,12]}},{"__type__":"cc.SpriteFrame","content":{"name":"loading_bar_bg","texture":"c03e7fa7-8686-4c48-9049-4d90153a56b8","rect":[0,0,580,61],"offset":[0,0],"originalSize":[580,61]}},{"__type__":"cc.SpriteFrame","content":{"name":"loading_bg","texture":"7c0652f6-8a25-4ccf-9a11-aeaec1f744ed","rect":[0,0,1366,768],"offset":[0,0],"originalSize":[1366,768]}}]