[[{"__type__":"cc.Prefab","_name":"zjh","data":{"__id__":1}},{"__type__":"cc.Node","_name":"zjh","_children":[{"__id__":2},{"__id__":3},{"__id__":4},{"__id__":23},{"__id__":24},{"__id__":25},{"__id__":38}],"_prefab":{"__type__":"cc.PrefabInfo","root":{"__id__":1},"asset":{"__id__":0},"fileId":"d1dacZJBUxIDbL30YYAiyI3"}},{"__type__":"cc.Node","_name":"bg","_parent":{"__id__":1},"_contentSize":{"__type__":"cc.Size","width":1280,"height":720},"_position":{"__type__":"cc.Vec2","x":640,"y":360},"_components":[{"__type__":"cc.Sprite","node":{"__id__":2},"_spriteFrame":{"__uuid__":"4cf8aa49-d40b-49f1-abd0-1c44fb5edf9f"}}],"_prefab":{"__type__":"cc.PrefabInfo","root":{"__id__":1},"asset":{"__id__":0},"fileId":"743241OcTJEWpYNZuL9oot+"}},{"__type__":"cc.Node","_name":"UI_TTF_RoomID","_parent":{"__id__":1},"_anchorPoint":{"__type__":"cc.Vec2","y":0.5},"_contentSize":{"__type__":"cc.Size","width":180.08,"height":40},"_position":{"__type__":"cc.Vec2","x":34,"y":665},"_components":[{"__type__":"cc.Label","node":{"__id__":3},"_useOriginalSize":false,"_N$string":"房间ID:{0}","_N$horizontalAlign":1,"_N$verticalAlign":1}],"_prefab":{"__type__":"cc.PrefabInfo","root":{"__id__":1},"asset":{"__id__":0},"fileId":"9e425fFfmlLF6XxHOoo7a/D"}},{"__type__":"cc.Node","_name":"zjh_person","_parent":{"__id__":1},"_children":[{"__id__":5},{"__id__":11},{"__id__":17}],"_prefab":{"__type__":"cc.PrefabInfo","root":{"__id__":1},"asset":{"__id__":0},"fileId":"e59f7RlR2BOIrk8D3yfI+FH"}},{"__type__":"cc.Node","_name":"zjh_person1","_parent":{"__id__":4},"_children":[{"__id__":6},{"__id__":7},{"__id__":8},{"__id__":9},{"__id__":10}],"_position":{"__type__":"cc.Vec2","x":442,"y":86},"_prefab":{"__type__":"cc.PrefabInfo","root":{"__id__":1},"asset":{"__id__":0},"fileId":"f24actN1oJKO5Jw3HzOlAdu"}},{"__type__":"cc.Node","_name":"UI_Sprite_Head","_parent":{"__id__":5},"_contentSize":{"__type__":"cc.Size","width":102,"height":102},"_position":{"__type__":"cc.Vec2","y":32},"_components":[{"__type__":"cc.Sprite","node":{"__id__":6},"_spriteFrame":{"__uuid__":"4754f754-d5fd-4768-a768-3d80f956e5cb"}}],"_prefab":{"__type__":"cc.PrefabInfo","root":{"__id__":1},"asset":{"__id__":0},"fileId":"44ee6w1Lj9O24i4qWgiEmyk"}},{"__type__":"cc.Node","_name":"UI_TTF_Name","_parent":{"__id__":5},"_contentSize":{"__type__":"cc.Size","width":140,"height":40},"_position":{"__type__":"cc.Vec2","x":10,"y":-45},"_components":[{"__type__":"cc.Label","node":{"__id__":7},"_useOriginalSize":false,"_N$string":"xxxxxxx","_N$horizontalAlign":1,"_N$verticalAlign":1}],"_prefab":{"__type__":"cc.PrefabInfo","root":{"__id__":1},"asset":{"__id__":0},"fileId":"5984dBpGIBJ0pogexMYqcnt"}},{"__type__":"cc.Node","_name":"Cards","_parent":{"__id__":5},"_children":[{"__type__":"cc.Node","_name":"Card1","_parent":{"__id__":8},"_position":{"__type__":"cc.Vec2","x":154,"y":40},"_prefab":{"__type__":"cc.PrefabInfo","root":{"__id__":1},"asset":{"__id__":0},"fileId":"d71ccds+VxBOq2svJPWoqpw"}},{"__type__":"cc.Node","_name":"Card2","_parent":{"__id__":8},"_position":{"__type__":"cc.Vec2","x":266,"y":40},"_prefab":{"__type__":"cc.PrefabInfo","root":{"__id__":1},"asset":{"__id__":0},"fileId":"aee7esL0jFMxI4tfKKLpsdX"}},{"__type__":"cc.Node","_name":"Card3","_parent":{"__id__":8},"_position":{"__type__":"cc.Vec2","x":378,"y":40},"_prefab":{"__type__":"cc.PrefabInfo","root":{"__id__":1},"asset":{"__id__":0},"fileId":"e9ae4P2dNFNiI0JD+Y7mnDE"}}],"_prefab":{"__type__":"cc.PrefabInfo","root":{"__id__":1},"asset":{"__id__":0},"fileId":"9271aOq/tJFNJHoqJfimUQi"}},{"__type__":"cc.Node","_name":"UI_TTF_SawCard","_parent":{"__id__":5},"_contentSize":{"__type__":"cc.Size","width":120,"height":40},"_position":{"__type__":"cc.Vec2","x":100},"_components":[{"__type__":"cc.Label","node":{"__id__":9},"_useOriginalSize":false,"_N$string":"已看牌","_N$horizontalAlign":1,"_N$verticalAlign":1}],"_prefab":{"__type__":"cc.PrefabInfo","root":{"__id__":1},"asset":{"__id__":0},"fileId":"e16246sMAxPq5dHA4TjAAbg"}},{"__type__":"cc.Node","_name":"UI_TTF_Pass","_parent":{"__id__":5},"_contentSize":{"__type__":"cc.Size","width":120,"height":40},"_position":{"__type__":"cc.Vec2","x":100},"_components":[{"__type__":"cc.Label","node":{"__id__":10},"_useOriginalSize":false,"_N$string":"已弃牌","_N$horizontalAlign":1,"_N$verticalAlign":1}],"_prefab":{"__type__":"cc.PrefabInfo","root":{"__id__":1},"asset":{"__id__":0},"fileId":"a79530VUAtJKLZhOpOgKUkx"}},{"__type__":"cc.Node","_name":"zjh_person2","_parent":{"__id__":4},"_children":[{"__id__":12},{"__id__":13},{"__id__":14},{"__id__":15},{"__id__":16}],"_position":{"__type__":"cc.Vec2","x":84,"y":518},"_prefab":{"__type__":"cc.PrefabInfo","root":{"__id__":1},"asset":{"__id__":0},"fileId":"ca892LgzWFAfqaRvuAUnWRk"}},{"__type__":"cc.Node","_name":"UI_TTF_SawCard","_parent":{"__id__":11},"_contentSize":{"__type__":"cc.Size","width":120,"height":40},"_position":{"__type__":"cc.Vec2","x":7,"y":-88},"_components":[{"__type__":"cc.Label","node":{"__id__":12},"_useOriginalSize":false,"_N$string":"已看牌","_N$horizontalAlign":1,"_N$verticalAlign":1}],"_prefab":{"__type__":"cc.PrefabInfo","root":{"__id__":1},"asset":{"__id__":0},"fileId":"f994fWfoBdICL4LBy77kN5a"}},{"__type__":"cc.Node","_name":"UI_TTF_Pass","_parent":{"__id__":11},"_contentSize":{"__type__":"cc.Size","width":120,"height":40},"_position":{"__type__":"cc.Vec2","x":7,"y":-88},"_components":[{"__type__":"cc.Label","node":{"__id__":13},"_useOriginalSize":false,"_N$string":"已弃牌","_N$horizontalAlign":1,"_N$verticalAlign":1}],"_prefab":{"__type__":"cc.PrefabInfo","root":{"__id__":1},"asset":{"__id__":0},"fileId":"26a4eCgllRNLoq0dH+U/liA"}},{"__type__":"cc.Node","_name":"UI_Sprite_Head","_parent":{"__id__":11},"_contentSize":{"__type__":"cc.Size","width":102,"height":102},"_position":{"__type__":"cc.Vec2","y":32},"_components":[{"__type__":"cc.Sprite","node":{"__id__":14},"_spriteFrame":{"__uuid__":"4754f754-d5fd-4768-a768-3d80f956e5cb"}}],"_prefab":{"__type__":"cc.PrefabInfo","root":{"__id__":1},"asset":{"__id__":0},"fileId":"c5c00BPCSpL2Y//tGk50NgC"}},{"__type__":"cc.Node","_name":"UI_TTF_Name","_parent":{"__id__":11},"_contentSize":{"__type__":"cc.Size","width":140,"height":40},"_position":{"__type__":"cc.Vec2","x":10,"y":-45},"_components":[{"__type__":"cc.Label","node":{"__id__":15},"_useOriginalSize":false,"_N$string":"xxxxxxx","_N$horizontalAlign":1,"_N$verticalAlign":1}],"_prefab":{"__type__":"cc.PrefabInfo","root":{"__id__":1},"asset":{"__id__":0},"fileId":"6a4camPG+xIk6GuuqfL9Ud2"}},{"__type__":"cc.Node","_name":"Cards","_parent":{"__id__":11},"_children":[{"__type__":"cc.Node","_name":"Card1","_parent":{"__id__":16},"_position":{"__type__":"cc.Vec2","x":154,"y":40},"_prefab":{"__type__":"cc.PrefabInfo","root":{"__id__":1},"asset":{"__id__":0},"fileId":"90596cKWvpOLbqccXswDSVs"}},{"__type__":"cc.Node","_name":"Card2","_parent":{"__id__":16},"_position":{"__type__":"cc.Vec2","x":266,"y":40},"_prefab":{"__type__":"cc.PrefabInfo","root":{"__id__":1},"asset":{"__id__":0},"fileId":"d736fgza1NEp5PKVwMRMIqP"}},{"__type__":"cc.Node","_name":"Card3","_parent":{"__id__":16},"_position":{"__type__":"cc.Vec2","x":378,"y":40},"_prefab":{"__type__":"cc.PrefabInfo","root":{"__id__":1},"asset":{"__id__":0},"fileId":"eaf37gxXr1D55U/75a5PXxp"}}],"_prefab":{"__type__":"cc.PrefabInfo","root":{"__id__":1},"asset":{"__id__":0},"fileId":"166caLKQf1NzKMxMdMAecG5"}},{"__type__":"cc.Node","_name":"zjh_person3","_parent":{"__id__":4},"_children":[{"__id__":18},{"__id__":19},{"__id__":20},{"__id__":21},{"__id__":22}],"_position":{"__type__":"cc.Vec2","x":1149,"y":387},"_prefab":{"__type__":"cc.PrefabInfo","root":{"__id__":1},"asset":{"__id__":0},"fileId":"b9825sWM3FLB6TuBTqKb7pU"}},{"__type__":"cc.Node","_name":"UI_TTF_SawCard","_parent":{"__id__":17},"_contentSize":{"__type__":"cc.Size","width":120,"height":40},"_position":{"__type__":"cc.Vec2","y":-92},"_components":[{"__type__":"cc.Label","node":{"__id__":18},"_useOriginalSize":false,"_N$string":"已看牌","_N$horizontalAlign":1,"_N$verticalAlign":1}],"_prefab":{"__type__":"cc.PrefabInfo","root":{"__id__":1},"asset":{"__id__":0},"fileId":"45754dlmt9BeI0x7pqf/ZYx"}},{"__type__":"cc.Node","_name":"UI_TTF_Pass","_parent":{"__id__":17},"_contentSize":{"__type__":"cc.Size","width":120,"height":40},"_position":{"__type__":"cc.Vec2","y":-92},"_components":[{"__type__":"cc.Label","node":{"__id__":19},"_useOriginalSize":false,"_N$string":"已弃牌","_N$horizontalAlign":1,"_N$verticalAlign":1}],"_prefab":{"__type__":"cc.PrefabInfo","root":{"__id__":1},"asset":{"__id__":0},"fileId":"c8f54a7jm9PtpH1flYjjUyc"}},{"__type__":"cc.Node","_name":"UI_Sprite_Head","_parent":{"__id__":17},"_contentSize":{"__type__":"cc.Size","width":102,"height":102},"_position":{"__type__":"cc.Vec2","y":32},"_components":[{"__type__":"cc.Sprite","node":{"__id__":20},"_spriteFrame":{"__uuid__":"4754f754-d5fd-4768-a768-3d80f956e5cb"}}],"_prefab":{"__type__":"cc.PrefabInfo","root":{"__id__":1},"asset":{"__id__":0},"fileId":"c01ebLyAU1P/bQD2zzXaIDx"}},{"__type__":"cc.Node","_name":"UI_TTF_Name","_parent":{"__id__":17},"_contentSize":{"__type__":"cc.Size","width":140,"height":40},"_position":{"__type__":"cc.Vec2","x":10,"y":-45},"_components":[{"__type__":"cc.Label","node":{"__id__":21},"_useOriginalSize":false,"_N$string":"xxxxxxx","_N$horizontalAlign":1,"_N$verticalAlign":1}],"_prefab":{"__type__":"cc.PrefabInfo","root":{"__id__":1},"asset":{"__id__":0},"fileId":"4b682Ty0VxM8I9famYpUhaW"}},{"__type__":"cc.Node","_name":"Cards","_parent":{"__id__":17},"_children":[{"__type__":"cc.Node","_name":"Card1","_parent":{"__id__":22},"_position":{"__type__":"cc.Vec2","x":154,"y":40},"_prefab":{"__type__":"cc.PrefabInfo","root":{"__id__":1},"asset":{"__id__":0},"fileId":"98702GN8TBFr5tq8KeR16pK"}},{"__type__":"cc.Node","_name":"Card2","_parent":{"__id__":22},"_position":{"__type__":"cc.Vec2","x":266,"y":40},"_prefab":{"__type__":"cc.PrefabInfo","root":{"__id__":1},"asset":{"__id__":0},"fileId":"b08e1CNEBJC+Ym0xvAPjYpv"}},{"__type__":"cc.Node","_name":"Card3","_parent":{"__id__":22},"_position":{"__type__":"cc.Vec2","x":378,"y":40},"_prefab":{"__type__":"cc.PrefabInfo","root":{"__id__":1},"asset":{"__id__":0},"fileId":"0372azC71RFyLu6Yl2MbHxh"}}],"_position":{"__type__":"cc.Vec2","x":-490},"_prefab":{"__type__":"cc.PrefabInfo","root":{"__id__":1},"asset":{"__id__":0},"fileId":"d8161KLdHhNjojfkSa35Yj3"}},{"__type__":"cc.Node","_name":"UI_EditBox_Point","_parent":{"__id__":1},"_contentSize":{"__type__":"cc.Size","width":160,"height":40},"_position":{"__type__":"cc.Vec2","x":975,"y":137},"_components":[{"__type__":"cc.EditBox","node":{"__id__":23},"_useOriginalSize":false,"_N$backgroundImage":{"__uuid__":"67e68bc9-dad5-4ad9-a2d8-7e03d458e32f"},"_N$inputMode":6,"_N$fontSize":29,"_N$fontColor":{"__type__":"cc.Color"},"_N$maxLength":8}],"_prefab":{"__type__":"cc.PrefabInfo","root":{"__id__":1},"asset":{"__id__":0},"fileId":"9d2b47TKr5PMaJay/eiLMYF"}},{"__type__":"cc.Node","_name":"UI_TTF_HallPoints","_parent":{"__id__":1},"_contentSize":{"__type__":"cc.Size","width":220.08,"height":40},"_position":{"__type__":"cc.Vec2","x":644,"y":370},"_components":[{"__type__":"cc.Label","node":{"__id__":24},"_useOriginalSize":false,"_N$string":"累计积分:{0}","_N$horizontalAlign":1,"_N$verticalAlign":1}],"_prefab":{"__type__":"cc.PrefabInfo","root":{"__id__":1},"asset":{"__id__":0},"fileId":"c27c0J6pkZEKr30AbpH4bXY"}},{"__type__":"cc.Node","_name":"Buttons","_parent":{"__id__":1},"_children":[{"__id__":26},{"__id__":28},{"__id__":30},{"__id__":32},{"__id__":34},{"__id__":36}],"_prefab":{"__type__":"cc.PrefabInfo","root":{"__id__":1},"asset":{"__id__":0},"fileId":"d2a7bAXtPhAArYCVMsNfLua"}},{"__type__":"cc.Node","_name":"UI_Btn_Pass","_parent":{"__id__":25},"_contentSize":{"__type__":"cc.Size","width":100,"height":40},"_children":[{"__id__":27}],"_position":{"__type__":"cc.Vec2","x":1184,"y":80},"_components":[{"__type__":"cc.Sprite","node":{"__id__":26},"_spriteFrame":{"__uuid__":"f0048c10-f03e-4c97-b9d3-3506e1d58952"},"_type":1,"_sizeMode":0},{"__type__":"cc.Button","node":{"__id__":26},"transition":2,"pressedColor":{"__type__":"cc.Color","r":255,"g":255,"b":255},"pressedSprite":{"__uuid__":"e9ec654c-97a2-4787-9325-e6a10375219a"},"hoverSprite":{"__uuid__":"e9ec654c-97a2-4787-9325-e6a10375219a"},"_N$normalColor":{"__type__":"cc.Color","r":255,"g":255,"b":255},"_N$disabledColor":{"__type__":"cc.Color","r":255,"g":255,"b":255},"_N$normalSprite":{"__uuid__":"f0048c10-f03e-4c97-b9d3-3506e1d58952"},"_N$disabledSprite":{"__uuid__":"29158224-f8dd-4661-a796-1ffab537140e"},"_N$target":{"__id__":26}}],"_prefab":{"__type__":"cc.PrefabInfo","root":{"__id__":1},"asset":{"__id__":0},"fileId":"415892jW5dMQ54Zi7iEjfdU"}},{"__type__":"cc.Node","_name":"Label","_color":{"__type__":"cc.Color"},"_parent":{"__id__":26},"_contentSize":{"__type__":"cc.Size","width":100,"height":40},"_components":[{"__type__":"cc.Label","node":{"__id__":27},"_useOriginalSize":false,"_actualFontSize":20,"_fontSize":20,"_enableWrapText":false,"_N$string":"放弃","_N$horizontalAlign":1,"_N$verticalAlign":1,"_N$overflow":1}],"_prefab":{"__type__":"cc.PrefabInfo","root":{"__id__":1},"asset":{"__id__":0},"fileId":"7a33ap2qStAxYCnK95YaugP"}},{"__type__":"cc.Node","_name":"UI_Btn_Follow","_parent":{"__id__":25},"_contentSize":{"__type__":"cc.Size","width":100,"height":40},"_children":[{"__id__":29}],"_position":{"__type__":"cc.Vec2","x":1068,"y":80},"_components":[{"__type__":"cc.Sprite","node":{"__id__":28},"_spriteFrame":{"__uuid__":"f0048c10-f03e-4c97-b9d3-3506e1d58952"},"_type":1,"_sizeMode":0},{"__type__":"cc.Button","node":{"__id__":28},"transition":2,"pressedColor":{"__type__":"cc.Color","r":255,"g":255,"b":255},"pressedSprite":{"__uuid__":"e9ec654c-97a2-4787-9325-e6a10375219a"},"hoverSprite":{"__uuid__":"e9ec654c-97a2-4787-9325-e6a10375219a"},"_N$normalColor":{"__type__":"cc.Color","r":255,"g":255,"b":255},"_N$disabledColor":{"__type__":"cc.Color","r":255,"g":255,"b":255},"_N$normalSprite":{"__uuid__":"f0048c10-f03e-4c97-b9d3-3506e1d58952"},"_N$disabledSprite":{"__uuid__":"29158224-f8dd-4661-a796-1ffab537140e"},"_N$target":{"__id__":28}}],"_prefab":{"__type__":"cc.PrefabInfo","root":{"__id__":1},"asset":{"__id__":0},"fileId":"a0c7bz/GuVJnrY+t3A7dPBT"}},{"__type__":"cc.Node","_name":"Label","_color":{"__type__":"cc.Color"},"_parent":{"__id__":28},"_contentSize":{"__type__":"cc.Size","width":100,"height":40},"_components":[{"__type__":"cc.Label","node":{"__id__":29},"_useOriginalSize":false,"_actualFontSize":20,"_fontSize":20,"_enableWrapText":false,"_N$string":"跟牌","_N$horizontalAlign":1,"_N$verticalAlign":1,"_N$overflow":1}],"_prefab":{"__type__":"cc.PrefabInfo","root":{"__id__":1},"asset":{"__id__":0},"fileId":"747d3QElIBHL7uaRnhdHl6c"}},{"__type__":"cc.Node","_name":"UI_Btn_See","_parent":{"__id__":25},"_contentSize":{"__type__":"cc.Size","width":100,"height":40},"_children":[{"__id__":31}],"_position":{"__type__":"cc.Vec2","x":948,"y":80},"_components":[{"__type__":"cc.Sprite","node":{"__id__":30},"_spriteFrame":{"__uuid__":"f0048c10-f03e-4c97-b9d3-3506e1d58952"},"_type":1,"_sizeMode":0},{"__type__":"cc.Button","node":{"__id__":30},"transition":2,"pressedColor":{"__type__":"cc.Color","r":255,"g":255,"b":255},"pressedSprite":{"__uuid__":"e9ec654c-97a2-4787-9325-e6a10375219a"},"hoverSprite":{"__uuid__":"e9ec654c-97a2-4787-9325-e6a10375219a"},"_N$normalColor":{"__type__":"cc.Color","r":255,"g":255,"b":255},"_N$disabledColor":{"__type__":"cc.Color","r":255,"g":255,"b":255},"_N$normalSprite":{"__uuid__":"f0048c10-f03e-4c97-b9d3-3506e1d58952"},"_N$disabledSprite":{"__uuid__":"29158224-f8dd-4661-a796-1ffab537140e"},"_N$target":{"__id__":30}}],"_prefab":{"__type__":"cc.PrefabInfo","root":{"__id__":1},"asset":{"__id__":0},"fileId":"cf5e3P05bBOi6ohPc2+brkI"}},{"__type__":"cc.Node","_name":"Label","_color":{"__type__":"cc.Color"},"_parent":{"__id__":30},"_contentSize":{"__type__":"cc.Size","width":100,"height":40},"_components":[{"__type__":"cc.Label","node":{"__id__":31},"_useOriginalSize":false,"_actualFontSize":20,"_fontSize":20,"_enableWrapText":false,"_N$string":"看牌","_N$horizontalAlign":1,"_N$verticalAlign":1,"_N$overflow":1}],"_prefab":{"__type__":"cc.PrefabInfo","root":{"__id__":1},"asset":{"__id__":0},"fileId":"7d821w4qhZMXLGfiV4mK3fv"}},{"__type__":"cc.Node","_name":"UI_Btn_Start","_parent":{"__id__":25},"_contentSize":{"__type__":"cc.Size","width":100,"height":40},"_children":[{"__id__":33}],"_position":{"__type__":"cc.Vec2","x":640,"y":304},"_components":[{"__type__":"cc.Sprite","node":{"__id__":32},"_spriteFrame":{"__uuid__":"f0048c10-f03e-4c97-b9d3-3506e1d58952"},"_type":1,"_sizeMode":0},{"__type__":"cc.Button","node":{"__id__":32},"transition":2,"pressedColor":{"__type__":"cc.Color","r":255,"g":255,"b":255},"pressedSprite":{"__uuid__":"e9ec654c-97a2-4787-9325-e6a10375219a"},"hoverSprite":{"__uuid__":"e9ec654c-97a2-4787-9325-e6a10375219a"},"_N$normalColor":{"__type__":"cc.Color","r":255,"g":255,"b":255},"_N$disabledColor":{"__type__":"cc.Color","r":255,"g":255,"b":255},"_N$normalSprite":{"__uuid__":"f0048c10-f03e-4c97-b9d3-3506e1d58952"},"_N$disabledSprite":{"__uuid__":"29158224-f8dd-4661-a796-1ffab537140e"},"_N$target":{"__id__":32}}],"_prefab":{"__type__":"cc.PrefabInfo","root":{"__id__":1},"asset":{"__id__":0},"fileId":"656fahhHchGg77BGKb5WpmF"}},{"__type__":"cc.Node","_name":"Label","_color":{"__type__":"cc.Color"},"_parent":{"__id__":32},"_contentSize":{"__type__":"cc.Size","width":100,"height":40},"_components":[{"__type__":"cc.Label","node":{"__id__":33},"_useOriginalSize":false,"_actualFontSize":20,"_fontSize":20,"_enableWrapText":false,"_N$string":"开始","_N$horizontalAlign":1,"_N$verticalAlign":1,"_N$overflow":1}],"_prefab":{"__type__":"cc.PrefabInfo","root":{"__id__":1},"asset":{"__id__":0},"fileId":"f5cb6xnyvtBD7WHB/o9Uf9m"}},{"__type__":"cc.Node","_name":"UI_Btn_Ready","_parent":{"__id__":25},"_contentSize":{"__type__":"cc.Size","width":100,"height":40},"_children":[{"__id__":35}],"_position":{"__type__":"cc.Vec2","x":640,"y":182},"_components":[{"__type__":"cc.Sprite","node":{"__id__":34},"_spriteFrame":{"__uuid__":"f0048c10-f03e-4c97-b9d3-3506e1d58952"},"_type":1,"_sizeMode":0},{"__type__":"cc.Button","node":{"__id__":34},"transition":2,"pressedColor":{"__type__":"cc.Color","r":255,"g":255,"b":255},"pressedSprite":{"__uuid__":"e9ec654c-97a2-4787-9325-e6a10375219a"},"hoverSprite":{"__uuid__":"e9ec654c-97a2-4787-9325-e6a10375219a"},"_N$normalColor":{"__type__":"cc.Color","r":255,"g":255,"b":255},"_N$disabledColor":{"__type__":"cc.Color","r":255,"g":255,"b":255},"_N$normalSprite":{"__uuid__":"f0048c10-f03e-4c97-b9d3-3506e1d58952"},"_N$disabledSprite":{"__uuid__":"29158224-f8dd-4661-a796-1ffab537140e"},"_N$target":{"__id__":34}}],"_prefab":{"__type__":"cc.PrefabInfo","root":{"__id__":1},"asset":{"__id__":0},"fileId":"73ff2uQ9i1HC4Ro2vmFqoLl"}},{"__type__":"cc.Node","_name":"Label","_color":{"__type__":"cc.Color"},"_parent":{"__id__":34},"_contentSize":{"__type__":"cc.Size","width":100,"height":40},"_components":[{"__type__":"cc.Label","node":{"__id__":35},"_useOriginalSize":false,"_actualFontSize":20,"_fontSize":20,"_enableWrapText":false,"_N$string":"准备","_N$horizontalAlign":1,"_N$verticalAlign":1,"_N$overflow":1}],"_prefab":{"__type__":"cc.PrefabInfo","root":{"__id__":1},"asset":{"__id__":0},"fileId":"9843fB72QtM0IoxMa+Ciutr"}},{"__type__":"cc.Node","_name":"UI_Btn_Open","_parent":{"__id__":25},"_contentSize":{"__type__":"cc.Size","width":100,"height":40},"_children":[{"__id__":37}],"_position":{"__type__":"cc.Vec2","x":829,"y":80},"_components":[{"__type__":"cc.Sprite","node":{"__id__":36},"_spriteFrame":{"__uuid__":"f0048c10-f03e-4c97-b9d3-3506e1d58952"},"_type":1,"_sizeMode":0},{"__type__":"cc.Button","node":{"__id__":36},"transition":2,"pressedColor":{"__type__":"cc.Color","r":255,"g":255,"b":255},"pressedSprite":{"__uuid__":"e9ec654c-97a2-4787-9325-e6a10375219a"},"hoverSprite":{"__uuid__":"e9ec654c-97a2-4787-9325-e6a10375219a"},"_N$normalColor":{"__type__":"cc.Color","r":255,"g":255,"b":255},"_N$disabledColor":{"__type__":"cc.Color","r":255,"g":255,"b":255},"_N$normalSprite":{"__uuid__":"f0048c10-f03e-4c97-b9d3-3506e1d58952"},"_N$disabledSprite":{"__uuid__":"29158224-f8dd-4661-a796-1ffab537140e"},"_N$target":{"__id__":36}}],"_prefab":{"__type__":"cc.PrefabInfo","root":{"__id__":1},"asset":{"__id__":0},"fileId":"01f0eUXySFLmqG7ZP/buOZl"}},{"__type__":"cc.Node","_name":"Label","_color":{"__type__":"cc.Color"},"_parent":{"__id__":36},"_contentSize":{"__type__":"cc.Size","width":100,"height":40},"_components":[{"__type__":"cc.Label","node":{"__id__":37},"_useOriginalSize":false,"_actualFontSize":20,"_fontSize":20,"_enableWrapText":false,"_N$string":"开牌","_N$horizontalAlign":1,"_N$verticalAlign":1,"_N$overflow":1}],"_prefab":{"__type__":"cc.PrefabInfo","root":{"__id__":1},"asset":{"__id__":0},"fileId":"d137dgx0oNArrcxJAZkbItS"}},{"__type__":"cc.Node","_name":"UI_Over_Layer","_color":{"__type__":"cc.Color","r":167,"g":167,"b":167},"_parent":{"__id__":1},"_contentSize":{"__type__":"cc.Size","width":600,"height":400},"_children":[{"__type__":"cc.Node","_name":"Person1","_parent":{"__id__":38},"_position":{"__type__":"cc.Vec2","y":95},"_prefab":{"__type__":"cc.PrefabInfo","root":{"__id__":1},"asset":{"__id__":0},"fileId":"0fd673AiO1JB7DX56Yf/GC9"}},{"__type__":"cc.Node","_name":"Person2","_parent":{"__id__":38},"_prefab":{"__type__":"cc.PrefabInfo","root":{"__id__":1},"asset":{"__id__":0},"fileId":"4cb9fEIFmpM85UvqRG3sHCZ"}},{"__type__":"cc.Node","_name":"Person3","_parent":{"__id__":38},"_prefab":{"__type__":"cc.PrefabInfo","root":{"__id__":1},"asset":{"__id__":0},"fileId":"34fc93uCk5Pj5bGpUf61+YJ"}}],"_position":{"__type__":"cc.Vec2","x":624,"y":332},"_components":[{"__type__":"cc.Sprite","node":{"__id__":38},"_spriteFrame":{"__uuid__":"9bbda31e-ad49-43c9-aaf2-f7d9896bac69"},"_type":1,"_sizeMode":0},{"__type__":"cc.Layout","node":{"__id__":38},"_layoutSize":{"__type__":"cc.Size","width":600,"height":400}}],"_prefab":{"__type__":"cc.PrefabInfo","root":{"__id__":1},"asset":{"__id__":0},"fileId":"6f7c6JfO+1CMqhK6oyIkAEt"}}],{"__type__":"cc.SpriteFrame","content":{"name":"head_img_female","texture":"6e919518-b6e2-453b-aceb-88c5274a5ce6","rect":[642,117,102,102],"offset":[0,0],"originalSize":[102,102]}},{"__type__":"cc.SpriteFrame","content":{"name":"mahjong_table","texture":"ce03df13-25d4-47e9-a416-635759c28dd2","rect":[0,0,1280,720],"offset":[0,0],"originalSize":[1280,720]}}]