[{"__type__":"cc.SpriteFrame","content":{"name":"btn_weixin","texture":"eb14c4b1-8d38-4302-a635-b25822b78226","rect":[10,0,378,122],"offset":[0.5,7.5],"originalSize":[397,137]}},[{"__type__":"cc.Prefab","_name":"login","data":{"__id__":1}},{"__type__":"cc.Node","_name":"login","_children":[{"__id__":2},{"__id__":3},{"__id__":4}],"_position":{"__type__":"cc.Vec2","x":640,"y":360},"_prefab":{"__type__":"cc.PrefabInfo","root":{"__id__":1},"asset":{"__id__":0},"fileId":"fbf882wtRJGdpU1UbqmoD/V"}},{"__type__":"cc.Node","_name":"bg","_parent":{"__id__":1},"_contentSize":{"__type__":"cc.Size","width":1280,"height":720},"_components":[{"__type__":"cc.Sprite","node":{"__id__":2},"_spriteFrame":{"__uuid__":"8ee0c7a2-3940-4bc3-a26e-995fd35fe04a"}}],"_prefab":{"__type__":"cc.PrefabInfo","root":{"__id__":1},"asset":{"__id__":0},"fileId":"907dfmgqtRHrZzVJTL0NSiv"}},{"__type__":"cc.Node","_name":"UI_Button_Visitor","_parent":{"__id__":1},"_contentSize":{"__type__":"cc.Size","width":397,"height":137},"_position":{"__type__":"cc.Vec2","y":-84},"_components":[{"__type__":"cc.Sprite","node":{"__id__":3},"_spriteFrame":{"__uuid__":"528be299-8cf2-479c-a08a-045dfee0742a"},"_type":1,"_sizeMode":0},{"__type__":"cc.Button","node":{"__id__":3},"transition":3,"pressedColor":{"__type__":"cc.Color","r":255,"g":255,"b":255},"pressedSprite":{"__uuid__":"528be299-8cf2-479c-a08a-045dfee0742a"},"hoverSprite":{"__uuid__":"528be299-8cf2-479c-a08a-045dfee0742a"},"_N$normalColor":{"__type__":"cc.Color","r":255,"g":255,"b":255},"_N$disabledColor":{"__type__":"cc.Color","r":255,"g":255,"b":255},"_N$normalSprite":{"__uuid__":"528be299-8cf2-479c-a08a-045dfee0742a"},"_N$disabledSprite":{"__uuid__":"528be299-8cf2-479c-a08a-045dfee0742a"},"_N$target":{"__id__":3}}],"_prefab":{"__type__":"cc.PrefabInfo","root":{"__id__":1},"asset":{"__id__":0},"fileId":"bba568XgSRKA4UOJ10aj619"}},{"__type__":"cc.Node","_name":"UI_Button_WeChat","_parent":{"__id__":1},"_contentSize":{"__type__":"cc.Size","width":397,"height":137},"_position":{"__type__":"cc.Vec2","y":-243},"_components":[{"__type__":"cc.Sprite","node":{"__id__":4},"_spriteFrame":{"__uuid__":"b76d8d32-ca6f-495a-bd05-7660dbb04e3a"},"_type":1,"_sizeMode":0},{"__type__":"cc.Button","node":{"__id__":4},"transition":3,"pressedColor":{"__type__":"cc.Color","r":255,"g":255,"b":255},"pressedSprite":{"__uuid__":"e9ec654c-97a2-4787-9325-e6a10375219a"},"hoverSprite":{"__uuid__":"e9ec654c-97a2-4787-9325-e6a10375219a"},"_N$normalColor":{"__type__":"cc.Color","r":255,"g":255,"b":255},"_N$disabledColor":{"__type__":"cc.Color","r":255,"g":255,"b":255},"_N$normalSprite":{"__uuid__":"b76d8d32-ca6f-495a-bd05-7660dbb04e3a"},"_N$disabledSprite":{"__uuid__":"29158224-f8dd-4661-a796-1ffab537140e"},"_N$target":{"__id__":4}}],"_prefab":{"__type__":"cc.PrefabInfo","root":{"__id__":1},"asset":{"__id__":0},"fileId":"8b2ef6HxZlHwbutjDK99zOw"}}],{"__type__":"cc.SpriteFrame","content":{"name":"btn_ traveler","texture":"8b57d533-5267-45fc-9852-8096dc91e39e","rect":[10,0,378,126],"offset":[0.5,5.5],"originalSize":[397,137]}},{"__type__":"cc.SpriteFrame","content":{"name":"bg","texture":"15055f2e-427f-4faa-abfa-e1464e047fe5","rect":[0,0,1280,720],"offset":[0,0],"originalSize":[1280,720]}}]